Flow Address,COA address(EVM)
0x5da7bf27a1d09556,0000000000000000000000029df42dd0132ff92e
0x21f56646afb46054,000000000000000000000002fde789698a988a97
0x9041a3d831ca8cc5,000000000000000000000002dcc4e8059e19920f
0x2e1ad626af9d31c4,0000000000000000000000022e33eb7dafac0935
0x044323e47479f7c3,0000000000000000000000026b631884a5bef807
0x10a08bfc2a4ecf48,000000000000000000000002544dd9055994a46a
0x53938b076488211a,00000000000000000000000218a915ee86ff5483
0x9e08751266c5c66c,0000000000000000000000023e6e8163a6d98ba0
0xbd2ba014145f582b,0000000000000000000000024c8581ad00b76b90
0x169e9c51d8a381c0,00000000000000000000000216a0de7b246c2c42
0x282fd902d6960aa2,00000000000000000000000282658127af2f4046
0xdb83e5e127b9ee03,00000000000000000000000288b00ffac669427b
0x9c94743df8bb2a89,000000000000000000000002d1220c8029b99774
0xc0e432a3e414b86f,00000000000000000000000254b66c5958477aca
0xc725b1d75f3d5ac2,00000000000000000000000236f41f577860ae1c
0x02ba2d1062c69dc6,0000000000000000000000020719544a04a73310
0x2cc26629902a733f,000000000000000000000002a4cfc9cf121889c1
0x8b52f0b02a39d8dc,0000000000000000000000028201a3024564687e
0x42dab692697fc060,0000000000000000000000025dd3981b3c274363
0x3b9d33d30fbaecb7,00000000000000000000000282f42b0099002478
0xeb51daf575b18c77,00000000000000000000000266afec61939c0c1d
0x4e7ffa45b7303184,000000000000000000000002ab38621de99cd900
0x2e5181e08608d114,000000000000000000000002caa98e852ec9d84a
0x50fa40b67451eeb1,000000000000000000000002d5a6208d8bf862bd
0x8b988d0ce5d25a8c,000000000000000000000002d1a9af4ee723f1c0
0x2e8ea57aade0956b,00000000000000000000000241eaf4105318cf48
0x31b734c8bbe5aaf3,0000000000000000000000021502958dd104e5bf
0x89feb39e1b7764b1,00000000000000000000000221ce1c75521a9c69
0x76a69b97755a0cee,000000000000000000000002a90c86ce11425894
0xcdea5a830346a4a0,0000000000000000000000024d9fc361d810aa32
0xfd1ccaaae39d0e79,0000000000000000000000025fcc1e48ae0a7af3
0x79b5104d02c9e3f3,00000000000000000000000288c0b7ea3e819575
0x5f8ff630f4cddde2,000000000000000000000002180d5066ee40e03a
0x8cc44a5785aa4c32,000000000000000000000002429a41401ce2220b
0xff144af291833546,000000000000000000000002448adb314130d946
0x34ce6fa41748c168,000000000000000000000002ad6c7edd205176fd
0xcbf95040a2eefdaf,000000000000000000000002e7e415c9840ebd31
0x505e9e02c2a9b189,0000000000000000000000028e08911356633173
0x4c49f2fd8dc8caf1,000000000000000000000002c07f8078cd0b9c7a
0x11ca36743554b4b0,000000000000000000000002ddfc96039c24cea6
0xe77483fc5bb50b6d,000000000000000000000002e66269ae7a351fbf
0x8ec04423d7516073,00000000000000000000000259a7c8e94ea18d99
0xbd02b1c1f1c5d003,000000000000000000000002cf22f98c57fd7264
0x3f4f5e1555432612,00000000000000000000000222eb075abffd054a
0xc4b1f4387748f389,0000000000000000000000028ebfc63b8fcc16dd
0xcdf2d6857e8d571e,0000000000000000000000025691ef0a08724f36
0xe07261bab3f0722b,000000000000000000000002ecacd592c4c95b90
0xefd0f4eeed7cd5ba,000000000000000000000002e961cef94d5fc52e
0xcfd285e770b8c087,0000000000000000000000026d0def4386bb54b2
0x4125ddcf4b1bef5b,0000000000000000000000026b4cfb4533082659
0x670006a8c3db4136,00000000000000000000000213ed94c2c1b14fa9
0x75eaf55ba62052d1,000000000000000000000002ca74ed862fc8d05f
0x39b0a8ac3697412f,0000000000000000000000023cb7971704dfe6ed
0x1c885798b8515788,000000000000000000000002d2892c0ac569bd49
0xb1f36a81f75f61bb,00000000000000000000000279066451ea322e88
0x62413e35703cfa57,00000000000000000000000255bebc640d9227fd
0x0bb257f478774dfe,000000000000000000000002ef9ff0c7b57ce849
0x0923830424b94370,000000000000000000000002766acbb51a703318
0xc7db82d1893917b5,00000000000000000000000273f815bc992606f7
0x33c221718d0b93ca,00000000000000000000000276671c858472cf05
0x18ac43604a57253c,0000000000000000000000024e4e19e81a2d4d81
0x0c79132424a12659,000000000000000000000002809139e75d95b2dc
0x59e19ac7497e73f9,0000000000000000000000020f2d188acddc27ad
0x961440cab5c6a265,00000000000000000000000201280e2f72a31842
0x0502bd7e72e32ed1,000000000000000000000002f4bbe4a4f8d82240
0x0be159593140fb4d,00000000000000000000000289209ee08a2386d5
0x618c2b30d61d6ac4,000000000000000000000002c2289117494f6c25
0x3acc51f30ccc3dbf,0000000000000000000000027d16b043dffd0a62
0xc7250f8dd7ad5df1,000000000000000000000002258be3034676bf0e
0xc05db378ae99a058,000000000000000000000002dc4b327e5b25b89a
0x4fc4b47491bc46ab,0000000000000000000000020d1f1472715fa880
0x093e8d2710917fa9,000000000000000000000002698aedae8b571ee3
0x4e88c44be5bcf577,000000000000000000000002c34d33d2d1b01b90
0x6cdf875c9fae507a,000000000000000000000002445cd870087b3c34
0xa6f1446ca3308eec,0000000000000000000000021192f8b23997aefa
0xbee16f3a24880994,000000000000000000000002c1bcfb1bc5373c83
0xfcb466e1536d8582,000000000000000000000002e2e0d6e4e3dab766
0xce41a7b74f014da0,000000000000000000000002a39e97200de4e548
0x478af2b5f727e631,0000000000000000000000028a73ad29b119d1f5
0x6e9aeb61ed226694,0000000000000000000000028a7295b34bcd09a7
0x6f715b2abc4a7ebe,00000000000000000000000258467603ad2e5672
0x5a0c5ab18b02ceec,00000000000000000000000253f76de39e4ea9e4
0x1c2960c189cbb2c3,000000000000000000000002346a34a91f6a93a5
0x9721160b0d8f0d44,000000000000000000000002b8ab6ac5c491acac
0x45614ec98a9bfd3d,00000000000000000000000282632f4c17cc3b3b
0x4ff6fec99f32e5d9,00000000000000000000000206482b8018a1ca0a
0x801f21599024d7c2,00000000000000000000000287fa6a6ad026a20b
0x8ad1446c681bae92,00000000000000000000000240c5057832daa92f
0x28ea64e0d4a396f3,0000000000000000000000025b9e0c90a06ef5c6
0x2a54d3371ac70684,0000000000000000000000023b53bdef9933aa37
0x35ee16b62b53d2e2,00000000000000000000000234b6a7908f7de552
0x6cb9cd0bbe0670d7,0000000000000000000000025961570d0ba643fb
0x59989a7e9bcde831,000000000000000000000002cef5ed74a6c9b3ec
0x7714fee9c9a47570,000000000000000000000002d6b011a7eb1e157c
0xa346ba6b864e0cc8,000000000000000000000002a66d3f01ab1f11bf
0x3c9654f85be48a2b,00000000000000000000000279b70cb3c3bb03a3
0xd2080c06c8b93c0d,000000000000000000000002eea87d12ab34f208
0x4a24bbb013c11881,000000000000000000000002162377a25d070847
0x91e052d62061a4f1,0000000000000000000000029a34d587ed285693
0x34b57a6391ed7130,000000000000000000000002724a8455bb084ab7
0xcbba4d41aef83fe3,000000000000000000000002c3183b7ed316c181
0x063a830bd2585121,000000000000000000000002e547ce82b4979707
0xf0b2563d416a82ee,000000000000000000000002546dcb904af4e3c9
0x8561cad7897059fc,00000000000000000000000254d34ce74ca29876
0x9153aa0c5efbe505,000000000000000000000002f7de945554363209
0x337bf11954a327d1,0000000000000000000000025109fc64db0360b7
0x51916e9d3aa7ca11,00000000000000000000000233c91a9e698b1070
0x0b1a4be2d39fa604,000000000000000000000002950cdd7260399578
0x4ff87958f3e750c0,000000000000000000000002e071350b4e6a6bd2
0x2be2eb4183c34c99,00000000000000000000000209df72bcbba83494
0xe9b67047e5fad7f9,000000000000000000000002c127a18dae322f4b
0x309c72eaa414cdc5,00000000000000000000000244667955544063c3
0x6445c60bb2699e2e,000000000000000000000002b57bb0de21527904
0x2fc9eb7417840396,000000000000000000000002d1db09eab6530435
0xd4e36176d6dfb991,000000000000000000000002d66541f21322a348
0x247f97827120d095,000000000000000000000002db2ddcaa987410f2
0xc51a17ff9c75f76a,0000000000000000000000021e6fd411434d73df
0x6aeded08154dfc9e,00000000000000000000000257129a2411ef0b3a
0xbf30b5c27de2b4d9,000000000000000000000002ee6a2bd8e8cdf524
0xdfe2cfa666c433fc,0000000000000000000000026a17c211991709ba
0x7ce379b5afebbabd,000000000000000000000002c228911749412687
0x08c1548ed256f657,00000000000000000000000238eadd4296da47dd
0xb2faee613cc1b375,000000000000000000000002cc588eb771bd6465
0x0c4a39107850f89b,000000000000000000000002602cea711aa45b35
0xa2c9bbe154a3e55d,0000000000000000000000028288ee7c03655564
0x6ef829acaf61079d,000000000000000000000002d3c19a2a2906c6f8
0x738f1938061f0922,000000000000000000000002cec50d1ca3cb795a
0xb30a220475c956ad,000000000000000000000002626aa5f3ae0d3c84
0xda15e70dc1552287,000000000000000000000002354e322d5f8841d1
0xa3db411f3801ae75,0000000000000000000000027b4319d57f1b7f73
0x8591e65da5cb2194,0000000000000000000000020a5544ae3560ae3c
0xe80b76ffe9e26f3f,000000000000000000000002d1810110cb76ec42
0x27867267467e8812,000000000000000000000002658f502aa1081f6f
0xfea2eb987363aec0,00000000000000000000000205421dfb82f4a174
0x8f57504c58eb7c39,00000000000000000000000219d517093ade6d6a
0xb7071cac8907f36e,000000000000000000000002d502c61ea5ca6e7d
0x38616f69c12df3f2,000000000000000000000002c69ec732a8722ce4
0x02ff85d3cbc0a093,00000000000000000000000254d8b0bfe0dde468
0x69f83d39e520b601,00000000000000000000000298c53e05d1199e37
0xd9d9f9b6a0f26d4a,0000000000000000000000023df47487641e7b49
0xad255930a1973445,000000000000000000000002bc99fe1266968812
0x9e1867bfce6ae30e,000000000000000000000002723d9d0d3f6a0ae3
0x28b00c728ce50b2a,000000000000000000000002d4fed11176a52bad
0x90b8b92029d3f58c,000000000000000000000002140b8cc71b5f5379
0x58c77e3142980a47,000000000000000000000002e6cebda975311a95
0x7c9291ad93155ad7,000000000000000000000002c21c358a004d5ebe
0x03bf1109bc2a20b8,0000000000000000000000029efc8d30402bc35b
0x01591362cda7accb,000000000000000000000002d51a1fe53971549f
0x886f3aeaf848c535,00000000000000000000000202011ef1ce9babb1
0xd6f747d4712f698a,000000000000000000000002754df02524100273
0xe12494c1ad7347d4,000000000000000000000002a42c180b2c2259a6
0xde1718fa1dcbc8d8,0000000000000000000000024b4ea547cf424081
0x1947be5b903c18cd,000000000000000000000002a4d1d5cd10425b86
0xdf868d4de6d2e0ab,0000000000000000000000027f23d373fb72ad99
0xd2b523ffa45d3551,000000000000000000000002fc4df7ccba9964cb
0x01d63aa89238a559,000000000000000000000002c3ef74a963fdc6e8
0x46c0a0ca8abcbe8d,0000000000000000000000024faebe23bbc08914
0xef9bbf1487b76b67,000000000000000000000002a35a65a7fbba8935
0x922b5fe8d27f063a,00000000000000000000000276753c1142baa7cf
0xd4d745fab74785c5,00000000000000000000000244db890379cb67f1
0x54f599b469ecc46d,000000000000000000000002956482f94d98dba6
0x92ba5cba77fc1e87,0000000000000000000000026817dd84fb4c687f
0xc6fcb9f5b5be4515,000000000000000000000002970a399b44deffeb
0x386dc60312bc3224,00000000000000000000000249d9640f85d1626f
0x7862ceb24cc232eb,000000000000000000000002dd8832d784ae1aae
0x66a367f8bedccd04,000000000000000000000002723c62a80cc41101
0x72db7d1c99bec946,00000000000000000000000251c90e73ea3b4608
0xcf5c487af314bd54,00000000000000000000000229589ab5c5a9a936
0xd45605497236c3cc,000000000000000000000002ec9fa86cafe3a2d8
0x005c9ebea13a82f9,000000000000000000000002a563824d7f9c4705
0x3262c603ae8ebcca,000000000000000000000002342ead6cd2195b82
0xe413f55821657f1d,000000000000000000000002068844fc2e4db1b9
0xe421849f9fc154ca,000000000000000000000002ee3a85e618079b68
0x0ef8f33ece3a8a80,00000000000000000000000256bd9fefaa519577
0x6b87bf964a9afb83,0000000000000000000000029a15e8fbfad146e7
0xce9b99eae0189144,0000000000000000000000026df4dbd5f70e924c
0xb6af2904196b7ef4,00000000000000000000000287062dc37e0fd3d6
0xf0529b30c6edfd0c,0000000000000000000000025d81c15b38016cac
0x102eb4b51c871614,000000000000000000000002a11eea899997d14c
0x2debac69a029ee02,000000000000000000000002caf1fae808fd08bf
0xf870774495552299,0000000000000000000000027102ba2377c330cc
0xf04a163756a85f2f,00000000000000000000000273b4c754b9e7ae89
0xe3c931783206e8e7,0000000000000000000000021e95705261d3b391
0x63c83ab9583e2e0a,000000000000000000000002ecabaca4f91033bf
0xd5b665244079d3bf,00000000000000000000000229d3105e6df22567
0xbae1998fef5e9656,0000000000000000000000027568d62c80591122
0x2ad775d0883349f5,000000000000000000000002f9bf46786640a69b
0xf6eb51cac68c9fb9,00000000000000000000000259f810110feb8a57
0x88aa25916acbd7a0,0000000000000000000000020866b6bb0f52362c
0xfdffba00d1ca8df6,00000000000000000000000231b247398daf9185
0xf5db86e03e8c1d8c,000000000000000000000002496de1ad56ec0b8c
0xc527a79859f944db,000000000000000000000002285b0306c15151b9
0x33b132ff13d8a2b2,0000000000000000000000023df992825f1c8011
0x6040e3d7f801b55d,000000000000000000000002c37acba5b5b61402
0x36e699177c330888,000000000000000000000002360a4194e9157bbc
0xfcddbc5ac1b0469f,000000000000000000000002526edb8b45f8016e
0x8b061fb31eaaf01c,0000000000000000000000024c972f9b783acb9d
0x52eceb884aa542c6,00000000000000000000000225b791c6f90a00a8
0xc0597793abff95ba,000000000000000000000002641499a25cda2d7b
0x813d27fcdb26cb51,00000000000000000000000216e6047acf0578c0
0x59431039cd346adf,000000000000000000000002bdbd6668bd029ed9
0x5cddafa628034a98,0000000000000000000000022364429e364bcffa
0x81ebfc459a5b75df,000000000000000000000002768440cf230ba427
0xa9cbc35e9fe9e649,000000000000000000000002b29abddb74029b64
0xaaf5e5106b6dabe1,000000000000000000000002eb0e3772602a4ae1
0xa384597c9cc15844,000000000000000000000002f4a9aafb4f7b458d
0x7c120ecc610537c0,0000000000000000000000024e7b0532ed97273e
0x3257ce77fbe48968,00000000000000000000000273b56487530fdaa0
0xfef34fef5024b2b7,00000000000000000000000274e84bdf55b56493
0xd66f79bcd259e81f,0000000000000000000000028b777a4a156754d4
0x0285594cbdfb7bb6,000000000000000000000002b77af83825e6a88a
0x4a27a58fdb293bb5,000000000000000000000002e52ee523de0eb916
0x6304124e48e9bbd9,00000000000000000000000270aaf1adbd9f8f0c
0xdc11147b3157def7,00000000000000000000000296513c30b7cf5256
0x0c7deb7a0c9cb424,0000000000000000000000026d4eebcfce8e804d
0xdb950bd6f2cbca2f,000000000000000000000002d107fa3387385d64
0x954150225bc3ec3c,000000000000000000000002e3e3f77d37e0b84b
0xd3ee9d77c583cb9e,000000000000000000000002cf915ba73fc60a30
0xce49a0ffbaf99d1d,00000000000000000000000246ff20c205384a32
0xea2355dec488d4f8,000000000000000000000002e633fe20db1f117c
0x66d973377b5ebc6c,000000000000000000000002981e7a44ee75f80f
0xecb50f2955d00a5c,0000000000000000000000028484a9953ed6e9cf
0x0240421f7cb6b2af,0000000000000000000000029cf10d37bf3f60b6
0xa228ade9ecf3bdd7,0000000000000000000000025e1a0c196db8178d
0x66f9ce944445c7b2,0000000000000000000000026ad68c211fdc10a0
0x99c10d9b116642eb,0000000000000000000000023ea576602b734fb4
0x509031dfcfdb4658,000000000000000000000002dfaa276a7a62250d
0x3b0af8fe5d2fe99e,0000000000000000000000028c98c52b07a121a5
0xe8e3713ccd1c37c6,0000000000000000000000026b2781f2e0aa4968
0x4f7d57365faec150,000000000000000000000002f57dd228e37dc861
0x91f3eba9a199ea67,000000000000000000000002013227369bf95b6e
0x7dd7324017db8aa1,0000000000000000000000025611cfab328e96d7
0x7c9643330af4f8ac,000000000000000000000002728997d2d15a79dc
0x3e5e1204be66095e,000000000000000000000002d772472b5d6cc172
0xb99e4e22c4e80ea4,000000000000000000000002406e318a11663121
0x84221fe0294044d7,0000000000000000000000020c260f03355ff69d
0x138c20de202897fb,0000000000000000000000022888571dfacf27b4
0x0955ebcc2fc35613,0000000000000000000000022f52e4830a45a69f
0x1161f745d7ba4e3a,000000000000000000000002f64c1d5c0577be43
0xba717f7420187ccd,00000000000000000000000221001941b7f78c21
0xd8033bc7727ea5e9,000000000000000000000002789af367217f1bb7
0xc7efa8c33fceee03,000000000000000000000002b18ee18ff4f64b5a
0x66e73e01c2a930c5,000000000000000000000002d32ed855430a012b
0xe9f3ffc2bf883c04,000000000000000000000002ab217123bc3ef1b0
0x77f26d18f83052e2,0000000000000000000000022c36b021a8e8fad5
0x10d044ab4b6d6927,0000000000000000000000027a79eebf46554577
0xc63f8e87f17f7574,000000000000000000000002ef20b25722df7950
0x9eb2af29934bb40b,0000000000000000000000024a4fc1bc3276975b
0xeba650172b0c51d9,0000000000000000000000026c091c2422fdabe3
0xa4e2ae6f55c9dfb8,000000000000000000000002a9f229a5d7bff6d9
0x88bcd79afce7ad81,0000000000000000000000023de9f2b3d4ad1910
0x2771924c3bcc7135,000000000000000000000002a8076dd1141fa6ac
0x814f79f43b2798a5,00000000000000000000000213aae38d7b58e019
0x728169cd25083075,000000000000000000000002c78ba57acf0269d5
0x825b01e371f4d23d,000000000000000000000002fee9a1e0f0ac397b
0xc91adb46a8d726b2,00000000000000000000000253f979e19bac9921
0xab908eb3252e5981,00000000000000000000000274fd76b91dd01a9b
0x24263c125b7770e0,0000000000000000000000026a13ff48ae0b7fec
0xbdee700ff36c1833,000000000000000000000002025f993ea3ff61b4
0xa1e8d17078bbbacd,00000000000000000000000222c5253c07c02eaf
0xfa71348aa08544c8,000000000000000000000002a57ad9f223cf6691
0x17f7f6480a1ef526,000000000000000000000002368253ea942c9622
0x45fbf1ba1fcfb7f7,0000000000000000000000024a91f8adac9e2f08
0x88984ea4e7cedcdd,0000000000000000000000024a38221805e2f2e6
0x42a06f24a1049154,000000000000000000000002c907edbd449ca771
0x0499017ac346a2d0,000000000000000000000002bf65827fa0a58a70
0x257a501e50b723bc,000000000000000000000002db43d91d2c910779
0xe452a2f5665728f5,0000000000000000000000020811cbdc1f589cbe
0xd68ec582065752ee,00000000000000000000000254f00a86742f28d6
0xc4838230549df764,000000000000000000000002c1e079e780099adb
0x44455be0fc899c05,000000000000000000000002ebba81faa404a513
0xf23b448b2d65a2c5,00000000000000000000000276ef0531db5cb3b4
0xcd2fe9ffd61cfd13,000000000000000000000002a36f02a4a39b3a9f
0x889873ef7c63fd25,0000000000000000000000022585541af7a564a9
0xeb17535bf7bbc13f,000000000000000000000002b4d4b8b70b585fca
0xb85bbbffec014815,000000000000000000000002e3d4ace1be547ebb
0x5d4837ab884bacd9,000000000000000000000002d68d0d1ffcc6fa08
0x065209f4cbff28da,00000000000000000000000238bf096e28699eac
0x39ed2bd9ccac8b11,000000000000000000000002702e3ba0e3f8721d
0xbf41f50a0e7313e3,000000000000000000000002c202be4e08b467ed
0x6f0bcac541728040,0000000000000000000000027c9d1db16bb65342
0x820330814051c7c8,000000000000000000000002924e2ed63b822b68
0x0f0e04f128cf87de,0000000000000000000000021fa8ad1efbce1fc9
0xcd4d031406b20937,000000000000000000000002e7f0eb9a9988fe91
0x3a5f4308f5ef02e4,00000000000000000000000214249914be364c28
0xed1960467d379b7f,000000000000000000000002ff274692a2a3f276
0x4e8d96d5540ec226,0000000000000000000000023d0532ec4019945b
0x16065d6b8c184274,0000000000000000000000021d3f751cf93f6d81
0xf2689cacb784451d,000000000000000000000002d192005543227883
0x05bb872955c66c3e,000000000000000000000002d032b96d9fa9296a
0xc9ee2185153bf0d7,0000000000000000000000020d2b5c6664baa646
0x062204459dc43a96,0000000000000000000000027ceb7bc9fc0c01c4
0x442aa8ac0ee0fb8b,0000000000000000000000026a21097ff65abcd7
0xa770734df40196d6,00000000000000000000000251c734ba308d0aa5
0x2a8883a481b092bc,0000000000000000000000027b207e19f6c3fcc9
0xad58c34edf86a23c,00000000000000000000000281c91e6d7cf4032b
0x3158d8ec3d66a5ed,000000000000000000000002f6eb06580142c777
0xa049c8a7b4acc126,0000000000000000000000026d227ac8c7b13dfd
0x446905695d09fb16,000000000000000000000002c420f233ffb61485
0x30cf7c47ed237b76,000000000000000000000002b9eea2b83fb6327c
0x5fd3688e55f75f1b,000000000000000000000002600262794501be3e
0x193f4689dde2a949,000000000000000000000002de97cfd00206d73b
0x0849ebe126ca9d55,000000000000000000000002d4f795a1177bffbe
0x4810926cac9c0344,00000000000000000000000275bfde80d4aec067
0x0342200ce19810f6,00000000000000000000000213b6e7c5c4b24bcc
0xc64ecfb134185429,0000000000000000000000025b668dfad78e508a
0xda92f3f436962290,000000000000000000000002428d8e5dd441a4aa
0xbc9d50323ee2b87b,000000000000000000000002f284700b2bd1d0cf
0x4fd28a07e7e74d4b,000000000000000000000002396c907d8d680aed
0x55ee048ba2c92248,000000000000000000000002e4b5411401dce0d8
0xe0a47dcc7bd5f297,00000000000000000000000224faf6a43cc61306
0x62e1bd76b8464116,000000000000000000000002b4b4a33d4d4e4623
0x01a11fe6e790d2b6,000000000000000000000002076758eba6497977
0xc1a611610c264aea,00000000000000000000000252e2e75c5b3a314f
0x2e0eac981ef5bd98,00000000000000000000000206ac83e94ea49c84
0x751114351c14fa8a,000000000000000000000002952712adcedf1e65
0x72fb46870bd81e42,000000000000000000000002af30b93ea3e8f44e
0x06b809eb2f26c05c,00000000000000000000000243b05981917f7184
0xdf897696c05ea1f5,00000000000000000000000268c68b603d0571d6
0x514d18b6e4520ee6,000000000000000000000002ac6971de21527904
0xb4318d918cfc7b50,000000000000000000000002ad3bc173ea3c4b01
0xafc9486c9c7a1286,000000000000000000000002d16082caa75ae04f
0x69ef2e4c117f3270,000000000000000000000002b6ee7d4c068eb5d4
0x5425b421d1ed65c3,000000000000000000000002d4232673fb510980
0x86f965bc2ef8d158,0000000000000000000000025292a034993dce5a
0x75b41a33fc14cd29,0000000000000000000000024497578b6839f5c4
0x75e9ea6583462078,0000000000000000000000029aae10cb63eb5825
0x61523f6e8a597940,000000000000000000000002604e26b6b57f7f58
0x32931b4c0c3ed3cc,000000000000000000000002d3f6ebf516219579
0x60e804bbf7eac70a,0000000000000000000000027de0f2d67ff4bf8b
0xe54b9b714b15760c,000000000000000000000002bd828ff85da1616b
0x778f98794016bdf9,0000000000000000000000025cd7088d253fc660
0xc2326ef579f73a99,000000000000000000000002e52a75d2e2e47436
0xe02defa50d4d1604,000000000000000000000002705ec281f85fcfd0
0xd8aeb7a95f3ccd61,0000000000000000000000024c40b302569acb16
0x455f5e345417bd71,000000000000000000000002ab2a864dd54c608f
0xcb6e444932cb94cf,00000000000000000000000260dafb19c35bf56b
0x6285fe9cd5dec3dc,000000000000000000000002bec6bc72712cafde
0x59416e8f57a3345b,0000000000000000000000028b2758330fda208d
0xc040f87bb622021f,00000000000000000000000213a5912c4d365be8
0x325743f83fb66a41,0000000000000000000000024f7f06b9852bd298
0x8b32c914912fbf3d,00000000000000000000000247d1db4622ca9e00
0x03a58fbe0886d7ac,0000000000000000000000028976386979789565
0x074810e37b478059,0000000000000000000000025245045f5e445a33
0x7a727a78bb7883fe,000000000000000000000002d77e14db850c2330
0xd8508ace052f920e,00000000000000000000000222271f503df8bb5c
0x9a3a203dc8d72f64,000000000000000000000002fe85d532ed88e1a0
0xc38221582983ec44,00000000000000000000000219166fe8810892f0
0x40988173bd09b442,00000000000000000000000203514fa42b196f9a
0x757d55be3a3422ec,00000000000000000000000244adab52fc583e9e
0xbe0e88a9cb244979,00000000000000000000000223cd7324ce21b994
0x860645102feac6f0,00000000000000000000000253a8958741ebd18a
0x5eb35c35e8ae7c84,000000000000000000000002324b867f5c28c493
0x38734de5b6a95979,0000000000000000000000025f37087641caba8e
0x19df8d4a2a9aa80c,000000000000000000000002f7b57d4ad1e88213
0xa735ae63a891f24b,0000000000000000000000023b676664a7e0ab7d
0xcdd8349f300325cc,00000000000000000000000219aebaa6b64b06ef
0xe66dab3d2c793acd,00000000000000000000000229b7d5240083a60e
0x924c4dabdf3d2734,0000000000000000000000022ff1cd7f067ab4fb
0xe7aded0979f825d0,00000000000000000000000230755851c836914f
0x5c201eaaf34b7f51,0000000000000000000000025f1a92d6a1b53c5a
0xc83e5fdc59c9faae,00000000000000000000000286892061a4a698e2
0xee3d5d9f05a5ae55,000000000000000000000002524e05f02243a357
0xe9f3d5fd552cdbf8,00000000000000000000000225be417c25b48a5f
0x730a848a606e792f,0000000000000000000000026b14a8f4af59ae85
0x59181395ae22c545,000000000000000000000002fb0b05b7d8e419ce
0xa3d2f1aafaa6d474,000000000000000000000002ece84935bd23e057
0x40587eb4e2f6f67c,0000000000000000000000023b51c369017946e0
0x65132d5597fd870d,00000000000000000000000258a730b4b32bed7a
0x43694dc9c6c50008,0000000000000000000000024124973b6d7ff0cd
0xdb68c1a90b7a63cc,000000000000000000000002db266cd405f36cf8
0xcc59e2c9abe8530b,0000000000000000000000021560fe633ffe4631
0xd4b2ac2f182875d9,000000000000000000000002c8120de45ab246ee
0x07f215031701498d,000000000000000000000002dbddd884611c7a2d
0xf2d91cf1780ef330,000000000000000000000002dcdd24dc63cb30e1
0x119ee1ea7f52e063,000000000000000000000002cce9f33859489212
0xd478d16c8cbb2073,0000000000000000000000022dd48e20a810bfb6
0x2bafa75b30d66aa7,0000000000000000000000023ae7358e6abf9836
0xc4e22c1feda91451,0000000000000000000000027f7bf33eb4a70c20
0x4b08f1cc1268380a,0000000000000000000000021461f7e8d6a757f1
0xf5c08e223ef4e82b,000000000000000000000002b206d0f6d32a7500
0xa70e83e05ae02bce,000000000000000000000002fcc383e09ace402c
0x0d0e6ac6c463b9e4,000000000000000000000002be8bb19bdf00a89f
0x3d82c3d096efaa93,00000000000000000000000209feeb03e03fb723
0xf9b5295167140034,000000000000000000000002d4f22fa693f8c309
0x558ffc274ed19591,000000000000000000000002bda1481e1cfcb896
0xe1ecc49e481b9207,000000000000000000000002194532cb1eec15c8
0x26d1df087417bc4e,0000000000000000000000020ac5b0a52c95cb52
0x57f7d3a8a13ae5dc,000000000000000000000002217bec3e5efb067a
0x4becc251cd2dab32,00000000000000000000000266cec7761f3c5145
0x9f001573ed05a1dc,00000000000000000000000246b2f3b82e18d9a7
0x1c0bb6b92507234c,000000000000000000000002be980b073930011e
0x91fe8982fadf321d,000000000000000000000002c183eacbca4b43e3
0x524d2c1cb61371d3,0000000000000000000000028f7a3271815dfc8b
0xf906eaf1a9a4c965,000000000000000000000002957a6bd28cfe531f
0x9ee27125d1d2f566,0000000000000000000000022d94f10a4d87fef9
0x3c4e0d069374dc57,0000000000000000000000027a86c4905beb0d1a
0xdfcc008f1d1e768e,0000000000000000000000027ef9d959472a9483
0xfed5ea773b00fb31,000000000000000000000002be123fd0468bc4e0
0x17820ccebb28a63f,0000000000000000000000028988ec56eee091fe
0x25dbabc0da2260cc,00000000000000000000000215987cf90901947f
0x657e6249c81b0a24,000000000000000000000002a908b4afae3423fc
0xcfd87adee9d2359e,00000000000000000000000260bc9a49030f5115
0x5c8c2f70368f74f1,000000000000000000000002de0f041378c5c4e9
0xf7d1a2fcf18d4995,000000000000000000000002d7b24d0e1e066f82
0x7d2a5aa67edcad86,00000000000000000000000237fc4a51725ba6eb
0x1dd820dc1ccea2f8,000000000000000000000002b645bf048bfdb3b3
0x2c33ac124393da3d,000000000000000000000002032269d2c04ad43a
0xb80a5d677ea4e5c6,000000000000000000000002b3027f96a6aa0484
0x6587fc900536ad66,000000000000000000000002ae8dfe244543b41d
0x834be732035e585d,0000000000000000000000028b14b5bd0033400f
0xa9ba5faabb0f0e76,000000000000000000000002f60b32472366b3bc
0x36b504ef9139a634,0000000000000000000000023d0160cddda449a9
0xc8cbef560786617d,0000000000000000000000026457b3a4090c7dd8
0x95d41a143f74224a,000000000000000000000002eda2927ce1c180bc
0x9583f6ea36a7f1d4,000000000000000000000002e9330c16aefbcfc8
0x3afdb8cc8c854e7c,000000000000000000000002459ee774b7e2864f
0x4f4997e44cac19e8,000000000000000000000002c268dcd7a36595ad
0x9beae9901dd31f0c,0000000000000000000000021ab06a51b7159724
0x5f421ece5e9ac994,000000000000000000000002fcf993aafedd2971
0x398adc3a0582c894,0000000000000000000000024e3613997643fe42
0x392adba743b47a24,0000000000000000000000024a46782be654f8a3
0x23f2525353149ac5,0000000000000000000000022fbbac3d3c12caae
0xa656259983298892,000000000000000000000002935f1583602ac2bd
0xc9cce6b8e3790e01,00000000000000000000000225dc39807f66a213
0x0e8bf4dcb4275eb0,0000000000000000000000022351c316f37586ba
0x4ba077210cdbf6dd,00000000000000000000000222d6476f4bff27d2
0x8afd3a93fce6e7e9,00000000000000000000000266e77c6ec307a60a
0xb17ebb3ac4524d8d,0000000000000000000000029387917d37c945ec
0x2220976a746082db,000000000000000000000002a1b2d76e39783f55
0xbbf186c21ac620b0,000000000000000000000002af83ddfd2f085ca3
0x881f0f398b9e7c90,000000000000000000000002b0d5b1e12431d10e
0x869ce9c0c3014648,0000000000000000000000029956a4a8a79615fa
0x3df88ce51f91be43,0000000000000000000000029b12d200ffbfe3a4
0xf6908e448bd9f77d,0000000000000000000000021da4d1633ffc3c3f
0x5d002d07d922663a,000000000000000000000002a3d2bddb406cb441
0x8a1cd9806ca234d6,000000000000000000000002af0561cff1036d45
0xfb0892e4aed1ff62,000000000000000000000002d09c643803c75d46
0xb8282fb7695953d0,000000000000000000000002565cb0d870ad0286
0xa93edfd3867f36bc,000000000000000000000002f9013c8a44f6ff67
0x3e2d570975996cca,000000000000000000000002cf06ecb91e465b6f
0xcd87b51fb45fd59c,000000000000000000000002bfcfb9053762ffa4
0xabbd0d0e90feb0a7,000000000000000000000002c52b8080f71258d6
0x64b63197fc535e6b,00000000000000000000000282df9f7b5829d554
0xeb5dd0f880604502,0000000000000000000000020a5e23502cd4b246
0x90e0c9b53c537291,00000000000000000000000232fe4c5699cb6c4c
0xd793836143db632d,000000000000000000000002bc44899a32880125
0x9b12059d4dc889eb,000000000000000000000002aa6c8dd71a2cd5a5
0x7e6869f6bd83a0f8,000000000000000000000002cf6ca27653063603
0x64c6827c22f84b14,000000000000000000000002ed47951b5e2f1c48
0xcf6bdc283e8c4c39,000000000000000000000002d6d015aa4258ed47
0xc0d64ee218187516,00000000000000000000000287c271913a8e9488
0x95aea86a398e066a,000000000000000000000002f28a828dbfe2e69b
0x8e017d2342d1dd4f,000000000000000000000002cc214265ed3ac556
0xa5ac171222a808f1,0000000000000000000000021c4257b1c1c43648
0xe1899f96c0c2d21b,00000000000000000000000262db6b619389b29b
0xd103b38fee5bf923,00000000000000000000000218898c2ffb906850
0x5e151dbf5363c43f,000000000000000000000002d01689ab992ebbdc
0x1957d77a4112767f,0000000000000000000000022812cb0a1a078043
0x650d2eea12825292,00000000000000000000000276a97443dc13c296
0x972c4b72b52d8617,000000000000000000000002c15d7cf1dfc3c8ab
0xe8c926cb622d0dd4,000000000000000000000002909464d0e0e88dfe
0xef7f3faac9b2ce38,000000000000000000000002938b40accdb2468b
0x626261e3e5c5c3d0,000000000000000000000002130130be67f7102d
0x6d3f1602d63b1030,00000000000000000000000281120a1221fd36f9
0x87e146c39eb23fa6,000000000000000000000002f77e884e4c9843e4
0x3a9e3251552c1012,000000000000000000000002e6dd599aeef1bc05
0x985dcbcb85b22429,000000000000000000000002402ad1aacbe54511
0xe63b0e9253ce87a9,000000000000000000000002c2207074c8ff6c96
0xe3304ccf4bb85389,000000000000000000000002935b9ab9fd0d90e8
0xba286f973c9f519a,0000000000000000000000021a1d2e3904637302
0x32a2f5434a7e58cf,0000000000000000000000025fc0fd2096b29b2f
0x170205d353455936,000000000000000000000002ef3ce43b1799cfb6
0x18ba327acf4679d6,00000000000000000000000267fca0289ebbb060
0x07d012c1ae1271a9,0000000000000000000000029b297afba52f72fb
0x75bbe20f142778c1,000000000000000000000002f8f0ebefcc9698b8
0xe33af3ff4001b21f,000000000000000000000002ac5aa186742e23dd
0xd6222c4cc72acdc7,0000000000000000000000029400756baede8ced
0x04d9fc171dfb5014,000000000000000000000002e6d372d809a2d859
0x37998d8b117eb4fb,0000000000000000000000025dd0cbfbd87f0301
0xf80bcc9d2c60ab36,000000000000000000000002120eee9dad9eb933
0xd5af76f998001f90,000000000000000000000002fbe77076b9eebc17
0x9697f58e5e8d2766,000000000000000000000002e70aadb2286a7923
0x316b1fd75913751b,0000000000000000000000022b6bbeeb0bf3d328
0x891ba73e65faf044,0000000000000000000000025a9243de77018d95
0xe5db4d35a1431a09,0000000000000000000000023f21037f39ebe91a
0xd7db1848deab6be6,000000000000000000000002ea7644092a42feaa
0xb3bde6573ff1985a,0000000000000000000000026af72d5610c39af4
0xbc1874ea160a3785,000000000000000000000002c5e8baf83b75da7b
0xd0e9e4f90ad2f7cc,000000000000000000000002e6a2fd6e5c10da58
0x8261761f2b333902,0000000000000000000000023b36cbea3e7c7c98
0xd09b960070883d63,0000000000000000000000020daa20932bb6fa81
0x5b3ec15d28a1272d,00000000000000000000000215b8a3ea2d64af2e
0x1d3c075fdb509540,0000000000000000000000025c9b29fbd8ade7bf
0xc1e17ceaae0a322b,00000000000000000000000255d636f77ec0afa1
0x75565f06fbbad284,000000000000000000000002d6ade2bb20733057
0x81376ebd9159c3f6,000000000000000000000002eaec04833de7c96e
0xe2a31f282e4c1d22,000000000000000000000002d5abca43ba2979e6
0xb5e7feec6164b66c,0000000000000000000000028e75d995ea3617ea
0x9dd84349247434d2,0000000000000000000000022daecef0bc759b9b
0x04a4737696bf3370,000000000000000000000002d17c5d599cbf27ca
0xd98d2fd65c02bffe,000000000000000000000002f6346c407293408e
0xd657b859fac82013,000000000000000000000002646ba1f6b163da5b
0xddfcbd877ee3332a,00000000000000000000000255e83c3af5a5554c
0xa82aa249129476c2,000000000000000000000002378c67f3bed58610
0xe9fb5e49751df839,000000000000000000000002ca2194617176a303
0xeb21910e66cb6221,000000000000000000000002c7f65644321878db
0x25583f7e4ef70c08,0000000000000000000000025ceb4e34cd552d04
0xf5e2b426bb2767c5,00000000000000000000000220861bbaed1350c1
0xc16b39ed4e4d0e5c,000000000000000000000002678bcb65421099cf
0x88e0181a69951566,000000000000000000000002f0a5957fe53cd197
0xd3a771a37b8578e1,00000000000000000000000218c70df2e0c6d4a4
0xa7b2f6eb39df861a,000000000000000000000002077197038aef7107
0xdbf85884126658c3,0000000000000000000000025932942a6da42bf5
0x4ff711a48d434859,000000000000000000000002b3105b66bb02a4bd
0x9a9ef37dc092d73a,000000000000000000000002071d2668675ec0fb
0x70466175fbacfb56,000000000000000000000002d76932014480f6ac
0xbd92fe663b0fba67,0000000000000000000000021b985f051514cfa2
0x504c1076a98c87de,000000000000000000000002bd3ca9d74db4772a
0xd27dd9e4d17e4331,000000000000000000000002feb4cc7bbef4cb33
0xf9f71c800c3e1002,0000000000000000000000027a9b2d26d06a14bf
0x740b5c1c98e46817,000000000000000000000002271e8e62c81e91d3
0xa3a99a451caf33df,000000000000000000000002ccc396d5d4c16743
0x254a7dff62c8ddac,0000000000000000000000021ae45ca6b6b71609
0x3c90df1b0c8b364e,000000000000000000000002ee4cd1072837cddb
0xdf97f5ad64b6e7df,0000000000000000000000026e0054530db66325
0xb03548bfee0469dc,000000000000000000000002ff48edc6924c4b6e
0x6629c62c8b6c83ad,0000000000000000000000026fbcd90065bac62c
0x60131595279f2f3d,0000000000000000000000029dcd896e0690aa85
0xf871763e2a67a261,000000000000000000000002fa06329875460b26
0x08882676d1bd6c73,000000000000000000000002c3c451a0e41c2028
0xd926532804d6f739,000000000000000000000002d0c6091fa725261c
0xa3438cd03f899b3a,0000000000000000000000020d84fc6de7e56b32
0xe6cf0e585bbad834,00000000000000000000000229df7d631dc374aa
0x2e11e22c42359cb9,0000000000000000000000026328afe1cfad8a65
0xeab8ca5f6d65b6c5,00000000000000000000000215c7a8a80d5cfae7
0x15f48a4a2611c929,000000000000000000000002dbc6f9019a1fbbad
0x132508a908cf6644,000000000000000000000002298e64a2906e0aac
0xa3f52b604e1c4af9,0000000000000000000000029efd5ec90be9b6af
0xa2582b94a908a427,0000000000000000000000021394e93cd5592958
0xf19523716329d6d9,0000000000000000000000021aa1bce8d64ea752
0xa86aedf9eb9f3406,00000000000000000000000267a9f5ade0094551
0x0dae42c071dcf08b,0000000000000000000000029d9bfa6c048579b6
0xb4bbf6b79ec4045b,0000000000000000000000026b8ac0c3c2b251b0
0xcdb075a5a8b74304,000000000000000000000002f9dc49f5273f80b9
0x329b8773067ee1f3,00000000000000000000000265dcebffdca9c813
0x9b34d3545f90a6ca,000000000000000000000002e98e4f55cc3271a3
0x9e4e285db345e956,00000000000000000000000276fbfbcfcebc6012
0x31fec2116d3aeedc,0000000000000000000000024f5b3098cae0bc43
0x50d2d4c7a0b5ef90,00000000000000000000000208fc9e264749cc0f
0x5f25eee20ac5a52b,0000000000000000000000022421239e8c5fd0d6
0xcca872847e4e581e,000000000000000000000002f0d60d0b81da9af8
0xa9b5344e506c35a3,000000000000000000000002e80336bba977f2c4
0x167bb3744d7c4a6a,00000000000000000000000217de47a6b6b1fd2c
0x6a10604eb826b932,0000000000000000000000022ae6a480076f7b56
0x091ed00d55a6eced,0000000000000000000000023af1c8d960d25c86
0xa898ee76ce96bec6,00000000000000000000000225d8beb71c6a0f5e
0xe74cd14cd719db6e,0000000000000000000000029aecdc48f2801e01
0x12db8af3285d1aaf,0000000000000000000000029a1e4d5a25d12adc
0xc56b1b34757c65de,0000000000000000000000023690a9fe74ca71b2
0x422b406e6b888f35,000000000000000000000002ca52cc0e73b892fe
0x79832b7b4ff3ab91,00000000000000000000000230d3bf05486b8277
0x819daf85dd1ea9d1,000000000000000000000002822916db2f653667
0xb2676f674df9dc7f,000000000000000000000002fdfb31de994177f9
0x63f59c26a6589c10,0000000000000000000000023c21d29a9977aa08
0xe36abbfde4f020a4,000000000000000000000002bfa8e25ee64d3376
0x053012114414aee0,0000000000000000000000023e041677dd2d9e90
0x9d2626be5b496c81,000000000000000000000002fd3a5bd1144c8178
0xf53f9901dcff81dd,000000000000000000000002d70e4617271395a5
0x4f6d7c75980f8874,00000000000000000000000269e1f824ce55b72f
0xbe43c947c68cc821,0000000000000000000000028a3d9d5f4d161f63
0xefadc853ac005743,000000000000000000000002b33477650e9533f6
0x7e6ab264d6c61e4a,000000000000000000000002cbae0a4f92c14f30
0xbb1f890c2112351d,000000000000000000000002ab45d52197ebaeb5
0x2e8e7b2d7ecbe977,000000000000000000000002344fa5f6c26b5835
0xdf555a3443cc10ef,0000000000000000000000023c3cb8a1f625a502
0x8ac3a66dacdb8323,0000000000000000000000021e120a905c18ecdf
0xa5753eaca82a8bcb,0000000000000000000000020ccef0397c9cdcf8
0xa901de1050c1c8cc,0000000000000000000000022cb509601ab123fe
0x87dfd5a2f46ecf13,000000000000000000000002cf4621031314d586
0xf2ab6f09efda6802,0000000000000000000000026079177af1435932
0xc4a2a2dc111057c8,000000000000000000000002ed46c382927f6e92
0xa30783554da8e5ed,000000000000000000000002e225bc04f2bc6de6
0x568822e6f40e7aec,0000000000000000000000024c46c584ea2d7846
0x0ed609812eb0c37d,0000000000000000000000026455ca94d7f5868a
0x66644a44d045f553,0000000000000000000000023ba20a90c2dfceda
0x9a373605d0f128b1,0000000000000000000000021a00d96642c730d5
0xda31e092c0fcecb2,0000000000000000000000028936e130b83234af
0x0aa908a0232789ca,000000000000000000000002c63d5dd7a34b1463
0x00f6bb55388a9a00,0000000000000000000000026185f9c56f0c63fc
0x38d9375197466986,000000000000000000000002b161f867109f5fcc
0x103bc1efc5b2df52,00000000000000000000000214be758d25997bf8
0x6ec8601a697e18e6,000000000000000000000002c8db04946019e610
0x4a0bce6fba8187d3,000000000000000000000002af7902b2b18bc6cc
0x622bedb7a7159db2,0000000000000000000000027e68ca0b70b0740c
0xc8dfd775fb191d4d,000000000000000000000002b348dffb8302e712
0xcc80526b5a8e01aa,000000000000000000000002235c9e61716e7b3b
0x51f1e3a77195f565,000000000000000000000002593ff5b6b58bbb04
0xf3335df200006a46,000000000000000000000002a6e379bf8b2dcade
0x75a47bcf2dc78eec,000000000000000000000002c29d49706f47370c
0x449e55f483518128,000000000000000000000002d8ee6c7f066e794f
0x3ee4094c4e5a7a64,0000000000000000000000026fe89b5d6d5300c0
0x74ce0fe93792d93e,0000000000000000000000020649abc2e3f448f8
0x894281218bffb318,000000000000000000000002906e82b228880958
0x2ff409478f92e8bd,000000000000000000000002363aca97ec146ded
0x2983811d46103225,0000000000000000000000025c131e60b4e11250
0x48a6f1f49aee1803,000000000000000000000002c3f72a578d2ecab0
0xa038d26b3d3785c3,0000000000000000000000020ebb1ad9a54b0e7f
0xe8264050e6f51923,00000000000000000000000213e14ccecdc48acc
0xea6c81471bcc7bb7,0000000000000000000000026fdb5cbff1f6b6cb
0xb1bbdf327428c332,000000000000000000000002d6341bbc76e7218c
0x27d8d524d51cf9e8,00000000000000000000000212d46a844ff14e48
0x039264b7b4296167,0000000000000000000000021b00b1797868c0a3
0x0adc9b087fa10aec,0000000000000000000000027d3161eb0bf8ec05
0x0de844f84fcd2c3b,000000000000000000000002f53da957564b9492
0x33719f1eeda8f9de,0000000000000000000000022cac709bbcb58788
0x2bb1d452026a2d29,000000000000000000000002c1631530a6ea7d8e
0x3ff568add2aa9dee,000000000000000000000002af27da9cacabfcca
0x28413cbfb1bcfc2a,00000000000000000000000265f48ba4094bb226
0x274772fb40e518a0,000000000000000000000002ab3e51b1b08bc9be
0x93ccee6be3fcd95e,000000000000000000000002daed6dfb71dfe2f5
0xf022221f60f2b7d5,000000000000000000000002526413da1d3f2651
0x1336ead39eb39a90,0000000000000000000000029edce082e81815bd
0xe57b9f3aa164da9e,0000000000000000000000027943d27b7a450cb4
0xe5598aa5d73eaeaf,000000000000000000000002b71bcf4151566223
0xda3839844886d0be,000000000000000000000002865fc1579aa7bb4f
0x31c6bcdddca031b6,0000000000000000000000028ab28c4094b495c4
0x2679f1b882a6a3fb,000000000000000000000002a5d3a866dd1ddc1d
0xed60d2af2f5f2685,000000000000000000000002948d7c1300b935bf
0x1e84eb3b02f8a27c,000000000000000000000002d0b3cf75fd4ef9aa
0x29e59b07426b38c3,0000000000000000000000022ba7d1e28bfdc8f4
0x95ba6453008ba072,00000000000000000000000242c0464da1c9d7e7
0x4da7f1d206a51d45,000000000000000000000002ffb37ba1287a50d7
0x28830d878c46b473,0000000000000000000000029cdc703b17c7af7b
0x37596f031c44b89d,0000000000000000000000022133c5b91e4a6f53
0x0059e58ac886e72a,000000000000000000000002405bd4f19b1b2cfb
0xfc60c82b1dbd6bb3,000000000000000000000002c98d848e0441174a
0x105c73d37b77d5b3,0000000000000000000000024c27a492c4be24dd
0x21d2c04258930c01,000000000000000000000002fca1a84678759ead
0x6dcf44a09a2c3fab,000000000000000000000002baa34027482e42da
0x203aa66672aa9d52,0000000000000000000000022c2e28d4b17b61fb
0xfca080e780ccc466,000000000000000000000002b5cf1b7a45d5e579
0x3b0e1433caa44951,0000000000000000000000024940f662836abf70
0xef61fc98ff899c9d,0000000000000000000000023525c9ccdcab6f6a
0x0c5af4ebee5af078,000000000000000000000002c472ff7c2597ff23
0xb34de0e2f9ee07ce,00000000000000000000000228329aa63e8bf1b1
0xf0350471a890a919,000000000000000000000002367755b149c3e2ca
0x57dce4a4a061e3b6,0000000000000000000000021b3c8de8d6991253
0xccac59793be51119,000000000000000000000002063add8d258104a0
0xa5825010840db289,0000000000000000000000022eaf32bf244b62a0
0x518b5f47a00014a7,00000000000000000000000297ba5863da11a947
0x969dfedffe68499f,000000000000000000000002b6250c5834d395bd
0x51053043b31ae7b0,0000000000000000000000022ece30c27d0dccd6
0x6c2aea66dc754303,000000000000000000000002a75fa41132181640
0x868a3fe7cf8b8845,000000000000000000000002c3f1921ec83e567c
0x60ec471b4e6a4e67,000000000000000000000002276d89adf109a05c
0x9500c133843295b3,000000000000000000000002193ae33bd46462fd
0x7cb1272e91b3f720,00000000000000000000000235d36031b9024806
0xac5ebb1ecf9d9e61,0000000000000000000000028fec9b10feaf09e9
0x9c70fa1d61d14a34,0000000000000000000000029f0ec6d9e9eb8267
0xd4c83e55d7ba3e59,000000000000000000000002e8e00a46f05b70e1
0x104d9814a13b8b00,000000000000000000000002b2046da3d5cb3370
0xcad153d5c51e9ddd,000000000000000000000002f00074f09a171c09
0xf4986d0937bb9421,000000000000000000000002b6ac7ac0bf8066dd
0x8ebe4118f6c9c0ec,000000000000000000000002f19439e86fb4a023
0xcc8f611f94c33d43,0000000000000000000000025f5786bc65d0591b
0x3efb8af3e3763ad1,000000000000000000000002aa5c3d3ca1c75619
0xc07598521f63f7d7,000000000000000000000002d8743cb3f6f7352e
0x0ec56f2536803658,000000000000000000000002be18776395838ee1
0x08be46377716d79b,0000000000000000000000028f84eacd328140f1
0x30e85f6322be98b5,000000000000000000000002a302d19875110892
0x233639bf8b335160,00000000000000000000000270729007c238d76f
0xcd64d154c5ab2569,0000000000000000000000026ede73baecdb3f42
0x3870de274606d8ac,000000000000000000000002d848118a89532624
0x14ca2a15b8fd3e9e,000000000000000000000002f5c32eb0af6a2897
0x46e22672a4ce937b,000000000000000000000002abae4586c9c7d001
0xf2c781efe7f199c6,000000000000000000000002ae040979f021b80b
0x0bde6f98a38aed51,000000000000000000000002a7eb18fe5262c55f
0xf47294750f2897db,00000000000000000000000206e147d71a1c8615
0x69a071947a9600b1,0000000000000000000000026659c71d717df054
0xa7d8efdf7e7eee99,000000000000000000000002d5be7e312fea271e
0xfb959cf9c49f97a2,0000000000000000000000024c9bf641736044fa
0x766c02f86f46fc60,000000000000000000000002f6d23dc6091aae35
0xe1049e1bacf39029,000000000000000000000002901fcd4498b9a2d9
0x5ac4ca9c86564bff,00000000000000000000000214680a6b6a2292c2
0x0aa8edf6129aac16,00000000000000000000000256463c43fe744c1a
0xfd0e28547c25f432,000000000000000000000002789c8521533dfa28
0x8dae2988499b4bd6,00000000000000000000000232495792914ae6cc
0x4a36e615e967b464,0000000000000000000000029d4cefcb63b55098
0x014a15cb8e2c22c1,000000000000000000000002e1e9884094b390cb
0xc5716da5471416ef,000000000000000000000002c890f2ddfee2a4e9
0xc0d42d692c5f2402,0000000000000000000000028be862a6c7a208a7
0x600c78c27c88950a,000000000000000000000002b045dcf87fde3ce4
0xaa46f8e776f61eac,000000000000000000000002106e447f4ad2c7d4
0xbc6570ca29e3c96f,000000000000000000000002fc67d7d5184f849b
0xef249394dfd79ffa,000000000000000000000002c116e826d02be56a
0x1f15450912b3d550,000000000000000000000002f61e0923665eee6f
0xa8e57a693c903aa7,00000000000000000000000288e2938460f0a45a
0x87284834dbdad4b9,0000000000000000000000028d289a13ac0d2d27
0xce3e2c1291a5bdf7,000000000000000000000002b58780b0376eedf6
0x4aabefb5e24db256,000000000000000000000002c3dbbabceed107a4
0x40e49b7f175ef6d9,000000000000000000000002ece0820a2af995b0
0x9511403d7d71ef89,000000000000000000000002793007179ecc8d0d
0xa61ce8df4d5b9c0a,000000000000000000000002569a87ce66ed5941
0xac3a17e2e2c8604e,00000000000000000000000221cecb1f5131c460
0x8efa026145085c4f,0000000000000000000000027873378eafc0e485
0xcb3b9e2a68d9f7d7,000000000000000000000002c3d968e157711184
0x6a3c502669672124,000000000000000000000002689da8bbed92db41
0x3b5f7d3de41a757a,00000000000000000000000279e6e70cc77901fc
0xbe567f77624272eb,000000000000000000000002a953dddc74ca86f3
0x381bb9bf68cfe143,000000000000000000000002f4eff9e8c54a3863
0x847f8fbb0da9d2a9,000000000000000000000002c6c6181cc619a95c
0x0a3906f0cdc87146,00000000000000000000000227fdb3c9a64ea795
0xfcf667a74e99c8a6,000000000000000000000002b859fab0376de8fd
0xbe750b60abe92af7,00000000000000000000000284591b9e69dda339
0xe43e893ac4154228,0000000000000000000000020cfb820d615e854d
0x1f88a340022c787d,00000000000000000000000256186de8f8b653a5
0xa892655c149c9470,0000000000000000000000025900567e6bff56af
0x59bcd06e4a1fd425,000000000000000000000002aae5a62bc400aacb
0x7f1e39b72be6fd6a,00000000000000000000000293d272aa75e8b694
0x279ea4e866d20e41,0000000000000000000000021c69dd0211e3e9c8
0x6530d541d0e7fb97,0000000000000000000000021151d93724b0a3ef
0x8a7f4a7ab400ff6c,0000000000000000000000029f73aafe525ba290
0xda79477c8cc2022e,0000000000000000000000022eee9d913a7e44f8
0xd51e9de13e664a9b,000000000000000000000002bfdca04db2ede0fd
0x08a8f3faee98960f,000000000000000000000002c3be71629461edba
0x00d9406f3c4a84ff,000000000000000000000002f08e1aec7393f53b
0x581ed1b7656725a7,000000000000000000000002cfb6a0935ec34255
0x5c0530e478503283,000000000000000000000002bbc0ed500a559394
0x58f20a8b546fcd3d,000000000000000000000002e77beb41eb193c62
0x4cf8322477fcfe61,000000000000000000000002140ddea2b28d55f0
0x0d61aefa8e6b77ce,000000000000000000000002564fa6a1283a1790
0xec45296701df2d92,00000000000000000000000276ac1f9661ff5ee2
0xa46d5dda8ab371ba,0000000000000000000000021a685543dbf9414c
0xc457a175de1ffa7c,000000000000000000000002e12671cede7666f2
0x397439495b280372,00000000000000000000000241ca77ec1e3b8757
0x4e3ba1d74f19ff5c,000000000000000000000002a382beb306df1bd3
0xb27f3fd0c028f6f6,00000000000000000000000240786fa1f5cbef6a
0x30d5505f822c7daa,0000000000000000000000028421ae80077ec5ed
0x702e0ed57d1f37dc,000000000000000000000002719973277b8f2769
0xdb34e60f18cc5f0e,00000000000000000000000279a2c70c1badc4c7
0xf2f802b1689186d2,0000000000000000000000026773144ab00b7a08
0xe7b0c2d0324ef0ce,00000000000000000000000267975337cfea1a0d
0x9b7b4ee7a40cb61a,0000000000000000000000028cdc8dd6b30e4804
0x32af0f077b47417b,0000000000000000000000029ddee0077d70a198
0x3a50d2975701f101,000000000000000000000002d06e868785ff9738
0x228b057cda8f309e,000000000000000000000002877f7a7e5aaf77c6
0x51c83a2d1b28698d,00000000000000000000000274f3e74b38aa4b31
0xd0617cd00d3a4a66,00000000000000000000000295aca97e8e59c25d
0x938b67339427d341,0000000000000000000000022538accd548f37ac
0x9196dae5ad2218c0,000000000000000000000002954de9541f63237c
0x579ff73b7b18e418,00000000000000000000000204e5b1ce99dc10e0
0x902bb7956fbbd512,0000000000000000000000029a4a441d6017a405
0xf2129f65ff1ab3b9,0000000000000000000000028c2acdfe7464806e
0x69bc4013588b2816,0000000000000000000000022bed3dbfcf52e515
0xed26daf69d59e82d,000000000000000000000002f53fc6ccba13d960
0x1e70404b2c31d835,000000000000000000000002a0d7b88bf0c56872
0x27f641f7e23ad922,00000000000000000000000219e71e6ea03f2150
0x1bc6f97cf33c26f3,00000000000000000000000266043f0be83159f5
0x1cbb133f68743787,0000000000000000000000021fae684c8f3fe07f
0xb8e9c81f748a450a,000000000000000000000002f8e6add7e75cd01f
0x2e9ed944899b0ec4,000000000000000000000002b6170d99537456b9
0x7a2c981b04896c9a,0000000000000000000000029e26120525ad2f77
0x05651625cd2db1e4,000000000000000000000002c29665550f4c5819
0xd63c65c1f34a848b,0000000000000000000000021ba5c0915c7df615
0xc65395858a38d8ff,000000000000000000000002858dda8e37568bdf
0xa6b268d367b89ba3,000000000000000000000002262dcc84d8f301ca
0x69b98fb9c1131550,000000000000000000000002738786d6d5267079
0x478537b078ac33e9,000000000000000000000002b128c52848acc861
0x9f5d1f2c27cfc575,0000000000000000000000029ed8b70f853f9b58
0x102b6c6bf416ed56,00000000000000000000000272407cc5f8153a4d
0x47e07f1b89cab987,000000000000000000000002e3722c1052d68c0f
0xb123fceadee3db05,000000000000000000000002c36216ad11b8cb94
0xa5a297c1746104e0,00000000000000000000000234cc3914cecca20b